nf_numero,nf_item,nf_datahora,nf_timestamp,nf_valor_total,emit_nome,emit_cnpj,emit_bairro,emit_municipio,emit_cep,emit_lat,emit_long,prod_desc,prod_ncm,prod_cfop,prod_quant,prod_unid,prod_valor_unit,prod_valor_total,idx
117826,18,2016-06-16 10:20:56,1466072456,173515.8,dimaster com de prod hosp ltda,2520829000140,centro,barao de cotegipe,99740000,-27.6214694,-52.3765316,sinvastatina 40mg comprimido  multilab,30049099,6108,150000.0,cpr,0.12,18000.0,71968
117826,19,2016-06-16 10:20:56,1466072456,173515.8,dimaster com de prod hosp ltda,2520829000140,centro,barao de cotegipe,99740000,-27.6214694,-52.3765316,dexametasona creme 1mg/gr 10gr g  teuto,30049099,6108,6000.0,tb,0.7,4200.0,71969
127948,17,2016-11-28 11:42:05,1480333325,250438.0,dimaster com de prod hosp ltda,2520829000140,centro,barao de cotegipe,99740000,-27.6214694,-52.3765316,sinvastatina 40mg comprimido  multilab,30049099,6108,60000.0,cpr,0.13,7800.0,71970
111432,2,2016-02-22 16:37:55,1456159075,192380.0,dimaster com de prod hosp ltda,2520829000140,centro,barao de cotegipe,99740000,-27.6214694,-52.3765316,alendronato de sodio 70mg comprimido  delta,30049099,6108,120000.0,cpr,0.31,37200.0,71971
708118,1,2016-12-17 10:07:25,1481969245,794.94,novartis biociencias sa,56994502001535,jardim mutinga,barueri,6460120,-23.5112184,-46.8764612,viscoat large 0.75ml (ms-80153480164 lote 15i23h val 08-2018),30049099,6108,1.0,ea,179.48,179.48,63812
54233,1,2016-05-10 14:21:46,1462890106,50000.0,solumed distr. med prod saude ltda,11896538000142,sao joao batist,santa luzia,33030020,-19.7702097,-43.8505291,"diosmina 450mg, hesperidina 50mg  l: b15k2016 q:   49.700,0000 f: 01/10/15 v: 31/10/18 l: b15k0780 q:  150.300,0000 f: 0",30049099,6108,200000.0,cp,0.25,50000.0,62178
136,3,2016-03-17 16:22:00,1458231720,6263.8,maria do carmo laureano,1422330000138,centro,araruna,58233000,-23.9320308,-52.4976047,depakene 500 com 50 cpr,30049099,5102,10.0,10,52.0,520.0,50887
386681,1,2016-02-24 00:00:00,1456272000,18171.36,glaxosmithkline brasil ltda,33247743003569,curicica,rio de janeiro,22780083,-22.9110137,-43.2093727,volibris 5 mg x 30 tablets,30049099,6108,24.0,und,1576.71,37841.04,46601
1513412,1,2016-06-21 14:36:31,1466519791,50258.8,cristalia prod. quim. farmaceuticos ltda,44734671000151,faz e cristalia,itapira,13974900,-22.436111,-46.821667,"cabergolina 0,5mg com. 1fr. x 8 (bahiafarma)",30049099,6923,778.0,cx,64.6,50258.8,74025
1638001,1,2016-12-23 11:21:03,1482492063,126990.0,cristalia prod. quim. farmaceuticos ltda,44734671000151,faz e cristalia,itapira,13974900,-22.436111,-46.821667,sevocris 100% inalante - 1fr.x100ml,30049099,6107,1000.0,cx,126.99,126990.0,74098
155,26,2016-08-10 00:00:00,1470787200,18291.2,edmael rodrigues de melo,9020529000141,centro,inga,58380000,-8.0333167,-63.8520611,captopril 25mg 1cp,30049099,5403,20000.0,und,0.05,1000.0,65203
1630771,1,2016-12-13 16:52:32,1481647952,86111.8,cristalia prod. quim. farmaceuticos ltda,44734671000151,faz e cristalia,itapira,13974900,-22.436111,-46.821667,"cabergolina 0,5mg com. 1fr. x 8 (bahiafarma)",30049099,6923,1333.0,cx,64.6,86111.8,74134
14164,1,2016-12-28 11:20:14,1482924014,965.0,prestomedi distr de prod p/saude ltda,10749915000158,linho,erechim,99700000,-27.6350709,-52.2738654,acido tranexamico injetavel 50mg/ml 5ml,30049099,6108,500.0,amp,1.93,965.0,76343
112,38,2016-03-07 10:12:02,1457345522,9615.43,janicleia gabriel s. do nascimento,7322508000236,centro,sertaozinho,5856800,-21.1375782,-47.9913741,dipirona 4cpds,30049099,5405,1.0,und,1.5,1.5,67416
7285,1,2016-11-16 16:00:00,1479312000,313785.9,d-hosp distribuidora hospitalar importacao e exportacao ltda,8076127000872,loteamento vila rosa,aparecida de goiania,74935851,-16.8226769,-49.2452546,"revatio 20mg 90 cp principio ativo: sildenafila citrato marca: pfizer lote: 50483519a - 31/12/2017 pmc: 3.037,56",30049099,6108,333.0,cx,1070.8,356574.89,70971
